Modelo,Topologia,Uso,Tiempo
actorPPOmiddR,NEW_BtAsiaPac,0.7544,2.60506534576416
actorPPOmiddR,NEW_BtAsiaPac,0.79368,2.5493664741516113
actorPPOmiddR,NEW_BtAsiaPac,0.70618,2.5476186275482178
actorPPOmiddR,NEW_BtAsiaPac,0.7845,2.5163729190826416
actorPPOmiddR,NEW_BtAsiaPac,0.81368,2.505937337875366
actorPPOmiddR,NEW_BtAsiaPac,0.7079,2.5461909770965576
actorPPOmiddR,NEW_BtAsiaPac,0.72334,2.4751932621002197
actorPPOmiddR,NEW_BtAsiaPac,0.75274,2.5524423122406006
actorPPOmiddR,NEW_BtAsiaPac,0.76902,2.5473005771636963
actorPPOmiddR,NEW_BtAsiaPac,0.69432,2.5545706748962402
actorPPOmiddR,NEW_BtAsiaPac,0.74936,2.5962533950805664
actorPPOmiddR,NEW_BtAsiaPac,0.73718,2.569573402404785
actorPPOmiddR,NEW_BtAsiaPac,0.7364,2.545395851135254
actorPPOmiddR,NEW_BtAsiaPac,0.87574,2.5748136043548584
actorPPOmiddR,NEW_BtAsiaPac,0.8824,2.501000165939331
actorPPOmiddR,NEW_BtAsiaPac,0.77414,2.5349931716918945
actorPPOmiddR,NEW_BtAsiaPac,0.75094,2.5426228046417236
actorPPOmiddR,NEW_BtAsiaPac,0.79762,2.541929006576538
actorPPOmiddR,NEW_BtAsiaPac,0.74268,2.543126344680786
actorPPOmiddR,NEW_BtAsiaPac,0.7534,2.5608577728271484
actorPPOmiddR,NEW_BtAsiaPac,0.78102,2.5865771770477295
actorPPOmiddR,NEW_BtAsiaPac,0.80206,2.653773546218872
actorPPOmiddR,NEW_BtAsiaPac,0.7318,2.5771355628967285
actorPPOmiddR,NEW_BtAsiaPac,0.82814,2.509474515914917
actorPPOmiddR,NEW_BtAsiaPac,0.711,2.581308364868164
actorPPOmiddR,NEW_BtAsiaPac,0.77244,2.5677669048309326
actorPPOmiddR,NEW_BtAsiaPac,0.79448,2.615583896636963
actorPPOmiddR,NEW_BtAsiaPac,0.68344,2.457822799682617
actorPPOmiddR,NEW_BtAsiaPac,0.86412,2.5398452281951904
actorPPOmiddR,NEW_BtAsiaPac,0.76046,2.496342420578003
actorPPOmiddR,NEW_BtAsiaPac,0.83412,2.513861894607544
actorPPOmiddR,NEW_BtAsiaPac,0.77554,2.576364755630493
actorPPOmiddR,NEW_BtAsiaPac,0.85226,2.562610149383545
actorPPOmiddR,NEW_BtAsiaPac,0.75918,2.544236660003662
actorPPOmiddR,NEW_BtAsiaPac,0.7855,2.534796953201294
actorPPOmiddR,NEW_BtAsiaPac,0.84484,2.5070228576660156
actorPPOmiddR,NEW_BtAsiaPac,0.74918,2.5962538719177246
actorPPOmiddR,NEW_BtAsiaPac,0.72362,2.5231876373291016
actorPPOmiddR,NEW_BtAsiaPac,0.8332,2.5835769176483154
actorPPOmiddR,NEW_BtAsiaPac,0.80074,2.5604467391967773
actorPPOmiddR,NEW_BtAsiaPac,0.7545,2.5877180099487305
actorPPOmiddR,NEW_BtAsiaPac,0.83482,2.556621551513672
actorPPOmiddR,NEW_BtAsiaPac,0.82896,2.5731022357940674
actorPPOmiddR,NEW_BtAsiaPac,0.72664,2.5865769386291504
actorPPOmiddR,NEW_BtAsiaPac,0.8108,2.544614553451538
actorPPOmiddR,NEW_BtAsiaPac,0.75132,2.5926315784454346
actorPPOmiddR,NEW_BtAsiaPac,0.7227,2.5584704875946045
actorPPOmiddR,NEW_BtAsiaPac,0.73204,2.517038106918335
actorPPOmiddR,NEW_BtAsiaPac,0.82228,2.5535695552825928
actorPPOmiddR,NEW_BtAsiaPac,0.80792,2.5613107681274414
actorPPOmiddR,NEW_Garr199905,1.3091777777777778,3.967054605484009
actorPPOmiddR,NEW_Garr199905,1.4227777777777777,3.9730889797210693
actorPPOmiddR,NEW_Garr199905,1.3321555555555555,4.0303637981414795
actorPPOmiddR,NEW_Garr199905,1.3592666666666666,4.0450828075408936
actorPPOmiddR,NEW_Garr199905,1.4783333333333333,4.006608963012695
actorPPOmiddR,NEW_Garr199905,1.3753333333333333,3.964550495147705
actorPPOmiddR,NEW_Garr199905,1.5229777777777778,3.954591989517212
actorPPOmiddR,NEW_Garr199905,1.3245777777777779,4.018707036972046
actorPPOmiddR,NEW_Garr199905,1.4469555555555556,3.9639105796813965
actorPPOmiddR,NEW_Garr199905,1.2384444444444445,3.9341647624969482
actorPPOmiddR,NEW_Garr199905,1.3617777777777778,4.002213001251221
actorPPOmiddR,NEW_Garr199905,1.3491333333333333,4.005911827087402
actorPPOmiddR,NEW_Garr199905,1.4932888888888889,4.01875376701355
actorPPOmiddR,NEW_Garr199905,1.3607555555555555,4.019094705581665
actorPPOmiddR,NEW_Garr199905,1.2838,4.022989749908447
actorPPOmiddR,NEW_Garr199905,1.4716,3.9900500774383545
actorPPOmiddR,NEW_Garr199905,1.2963333333333333,3.9608869552612305
actorPPOmiddR,NEW_Garr199905,1.3553777777777778,3.9350991249084473
actorPPOmiddR,NEW_Garr199905,1.3772,4.016830205917358
actorPPOmiddR,NEW_Garr199905,1.311488888888889,4.018283128738403
actorPPOmiddR,NEW_Garr199905,1.397888888888889,3.9314892292022705
actorPPOmiddR,NEW_Garr199905,1.3639555555555556,3.9853639602661133
actorPPOmiddR,NEW_Garr199905,1.2097777777777778,3.9869942665100098
actorPPOmiddR,NEW_Garr199905,1.4864666666666666,4.037928342819214
actorPPOmiddR,NEW_Garr199905,1.5386222222222221,3.9936091899871826
actorPPOmiddR,NEW_Garr199905,1.462711111111111,3.9473066329956055
actorPPOmiddR,NEW_Garr199905,1.4012444444444445,3.9771127700805664
actorPPOmiddR,NEW_Garr199905,1.285311111111111,4.015772581100464
actorPPOmiddR,NEW_Garr199905,1.4028444444444443,4.0712785720825195
actorPPOmiddR,NEW_Garr199905,1.4217111111111111,4.0111083984375
actorPPOmiddR,NEW_Garr199905,1.2376888888888888,4.02595067024231
actorPPOmiddR,NEW_Garr199905,1.3288666666666666,4.050604343414307
actorPPOmiddR,NEW_Garr199905,1.3517555555555556,4.035934209823608
actorPPOmiddR,NEW_Garr199905,1.4392888888888888,3.965196132659912
actorPPOmiddR,NEW_Garr199905,1.3804888888888889,3.972874879837036
actorPPOmiddR,NEW_Garr199905,1.4240444444444444,4.0020411014556885
actorPPOmiddR,NEW_Garr199905,1.2830222222222223,4.025149822235107
actorPPOmiddR,NEW_Garr199905,1.4732666666666667,3.951679229736328
actorPPOmiddR,NEW_Garr199905,1.5420888888888888,4.021285057067871
actorPPOmiddR,NEW_Garr199905,1.3237555555555556,4.046448707580566
actorPPOmiddR,NEW_Garr199905,1.4396444444444445,3.971663236618042
actorPPOmiddR,NEW_Garr199905,1.3504888888888888,3.9818930625915527
actorPPOmiddR,NEW_Garr199905,1.388511111111111,3.9979188442230225
actorPPOmiddR,NEW_Garr199905,1.399888888888889,4.025492906570435
actorPPOmiddR,NEW_Garr199905,1.3115555555555556,3.9496848583221436
actorPPOmiddR,NEW_Garr199905,1.4319333333333333,3.9569194316864014
actorPPOmiddR,NEW_Garr199905,1.2961777777777779,3.9709904193878174
actorPPOmiddR,NEW_Garr199905,1.2648222222222223,3.996778726577759
actorPPOmiddR,NEW_Garr199905,1.4013111111111112,3.972975015640259
actorPPOmiddR,NEW_Garr199905,1.3496444444444444,3.9707775115966797
actorPPOmiddR,NEW_Goodnet,1.28385,1.697211503982544
actorPPOmiddR,NEW_Goodnet,1.12315,1.7202885150909424
actorPPOmiddR,NEW_Goodnet,1.0597,1.7303624153137207
actorPPOmiddR,NEW_Goodnet,1.2191,1.7162818908691406
actorPPOmiddR,NEW_Goodnet,0.9866,1.7027790546417236
actorPPOmiddR,NEW_Goodnet,1.1057,1.7175076007843018
actorPPOmiddR,NEW_Goodnet,1.15905,1.6928527355194092
actorPPOmiddR,NEW_Goodnet,1.12465,1.6758036613464355
actorPPOmiddR,NEW_Goodnet,1.1682,1.6893770694732666
actorPPOmiddR,NEW_Goodnet,1.14665,1.6589374542236328
actorPPOmiddR,NEW_Goodnet,1.20825,1.7187626361846924
actorPPOmiddR,NEW_Goodnet,1.07365,1.6853766441345215
actorPPOmiddR,NEW_Goodnet,1.13565,1.6793756484985352
actorPPOmiddR,NEW_Goodnet,1.0244,1.701939582824707
actorPPOmiddR,NEW_Goodnet,0.9967,1.7002973556518555
actorPPOmiddR,NEW_Goodnet,1.0367,1.7093815803527832
actorPPOmiddR,NEW_Goodnet,1.3307,1.7339322566986084
actorPPOmiddR,NEW_Goodnet,1.23325,1.7088549137115479
actorPPOmiddR,NEW_Goodnet,1.0679,1.6998255252838135
actorPPOmiddR,NEW_Goodnet,1.10415,1.669008493423462
actorPPOmiddR,NEW_Goodnet,1.083,1.7036714553833008
actorPPOmiddR,NEW_Goodnet,1.07285,1.6871542930603027
actorPPOmiddR,NEW_Goodnet,1.13375,1.665238618850708
actorPPOmiddR,NEW_Goodnet,1.17405,1.7030551433563232
actorPPOmiddR,NEW_Goodnet,1.12375,1.6829683780670166
actorPPOmiddR,NEW_Goodnet,1.09405,1.675706148147583
actorPPOmiddR,NEW_Goodnet,1.24595,1.706148386001587
actorPPOmiddR,NEW_Goodnet,1.04955,1.6956532001495361
actorPPOmiddR,NEW_Goodnet,1.2211,1.7504773139953613
actorPPOmiddR,NEW_Goodnet,1.16195,1.6832525730133057
actorPPOmiddR,NEW_Goodnet,1.1091,1.7154333591461182
actorPPOmiddR,NEW_Goodnet,1.13425,1.7072813510894775
actorPPOmiddR,NEW_Goodnet,1.37205,1.7324256896972656
actorPPOmiddR,NEW_Goodnet,1.18445,1.6863155364990234
actorPPOmiddR,NEW_Goodnet,1.0502,1.6778974533081055
actorPPOmiddR,NEW_Goodnet,1.13625,1.6818077564239502
actorPPOmiddR,NEW_Goodnet,1.24105,1.7045633792877197
actorPPOmiddR,NEW_Goodnet,1.0431,1.7035059928894043
actorPPOmiddR,NEW_Goodnet,1.1605,1.6760172843933105
actorPPOmiddR,NEW_Goodnet,1.23865,1.6561915874481201
actorPPOmiddR,NEW_Goodnet,1.2222,1.7149734497070312
actorPPOmiddR,NEW_Goodnet,1.0908,1.7159984111785889
actorPPOmiddR,NEW_Goodnet,1.2251,1.684375286102295
actorPPOmiddR,NEW_Goodnet,1.1122,1.7103099822998047
actorPPOmiddR,NEW_Goodnet,1.4775,1.644092321395874
actorPPOmiddR,NEW_Goodnet,1.0763,1.7192275524139404
actorPPOmiddR,NEW_Goodnet,1.0775,1.685783863067627
actorPPOmiddR,NEW_Goodnet,1.1121,1.6788828372955322
actorPPOmiddR,NEW_Goodnet,1.139,1.7052335739135742
actorPPOmiddR,NEW_Goodnet,1.1587,1.7268626689910889
actorPPO_v2,NEW_BtAsiaPac,0.71892,3.3714001178741455
actorPPO_v2,NEW_BtAsiaPac,0.82282,3.3666915893554688
actorPPO_v2,NEW_BtAsiaPac,0.75036,3.3526761531829834
actorPPO_v2,NEW_BtAsiaPac,0.72632,3.314647912979126
actorPPO_v2,NEW_BtAsiaPac,0.7717,3.303506374359131
actorPPO_v2,NEW_BtAsiaPac,0.87126,3.3641271591186523
actorPPO_v2,NEW_BtAsiaPac,0.76432,3.268568992614746
actorPPO_v2,NEW_BtAsiaPac,0.8787,3.363384485244751
actorPPO_v2,NEW_BtAsiaPac,0.86662,3.3447365760803223
actorPPO_v2,NEW_BtAsiaPac,0.73576,3.3598990440368652
actorPPO_v2,NEW_BtAsiaPac,0.78662,3.422513723373413
actorPPO_v2,NEW_BtAsiaPac,0.82334,3.376399040222168
actorPPO_v2,NEW_BtAsiaPac,0.88228,3.3535821437835693
actorPPO_v2,NEW_BtAsiaPac,0.73886,3.3768556118011475
actorPPO_v2,NEW_BtAsiaPac,0.80514,3.3152432441711426
actorPPO_v2,NEW_BtAsiaPac,0.81194,3.3446455001831055
actorPPO_v2,NEW_BtAsiaPac,0.76982,3.356041669845581
actorPPO_v2,NEW_BtAsiaPac,0.72636,3.3551406860351562
actorPPO_v2,NEW_BtAsiaPac,0.83048,3.358271837234497
actorPPO_v2,NEW_BtAsiaPac,0.73608,3.356666088104248
actorPPO_v2,NEW_BtAsiaPac,0.80398,3.355222225189209
actorPPO_v2,NEW_BtAsiaPac,0.83078,3.3926899433135986
actorPPO_v2,NEW_BtAsiaPac,0.77298,3.37054181098938
actorPPO_v2,NEW_BtAsiaPac,0.75616,3.302072763442993
actorPPO_v2,NEW_BtAsiaPac,0.77502,3.385284662246704
actorPPO_v2,NEW_BtAsiaPac,0.79282,3.353494644165039
actorPPO_v2,NEW_BtAsiaPac,0.8293,3.417030096054077
actorPPO_v2,NEW_BtAsiaPac,0.71758,3.261375904083252
actorPPO_v2,NEW_BtAsiaPac,0.86542,3.359935998916626
actorPPO_v2,NEW_BtAsiaPac,0.88694,3.3093388080596924
actorPPO_v2,NEW_BtAsiaPac,0.78128,3.3286213874816895
actorPPO_v2,NEW_BtAsiaPac,0.7853,3.3634908199310303
actorPPO_v2,NEW_BtAsiaPac,0.83278,3.3616602420806885
actorPPO_v2,NEW_BtAsiaPac,0.75892,3.3405935764312744
actorPPO_v2,NEW_BtAsiaPac,0.88076,3.3474631309509277
actorPPO_v2,NEW_BtAsiaPac,0.75828,3.3000810146331787
actorPPO_v2,NEW_BtAsiaPac,0.72848,3.4066944122314453
actorPPO_v2,NEW_BtAsiaPac,0.77202,3.3000309467315674
actorPPO_v2,NEW_BtAsiaPac,0.72006,3.3719160556793213
actorPPO_v2,NEW_BtAsiaPac,0.87944,3.3530287742614746
actorPPO_v2,NEW_BtAsiaPac,0.87406,3.4038593769073486
actorPPO_v2,NEW_BtAsiaPac,0.82302,3.357703924179077
actorPPO_v2,NEW_BtAsiaPac,0.88744,3.3956801891326904
actorPPO_v2,NEW_BtAsiaPac,0.79628,3.397888422012329
actorPPO_v2,NEW_BtAsiaPac,0.75392,3.3648250102996826
actorPPO_v2,NEW_BtAsiaPac,0.8175,3.3893463611602783
actorPPO_v2,NEW_BtAsiaPac,0.924,3.3767528533935547
actorPPO_v2,NEW_BtAsiaPac,0.76536,3.334542989730835
actorPPO_v2,NEW_BtAsiaPac,0.76914,3.3610756397247314
actorPPO_v2,NEW_BtAsiaPac,0.8828,3.349459171295166
actorPPO_v2,NEW_Garr199905,1.344311111111111,5.024419546127319
actorPPO_v2,NEW_Garr199905,1.2320666666666666,5.038894414901733
actorPPO_v2,NEW_Garr199905,1.3506,5.103764295578003
actorPPO_v2,NEW_Garr199905,1.3190666666666666,5.084271192550659
actorPPO_v2,NEW_Garr199905,1.2538444444444445,5.0581066608428955
actorPPO_v2,NEW_Garr199905,1.4399777777777778,5.017070770263672
actorPPO_v2,NEW_Garr199905,1.3171111111111111,5.031183481216431
actorPPO_v2,NEW_Garr199905,1.2455333333333334,5.100536108016968
actorPPO_v2,NEW_Garr199905,1.4194666666666667,5.026459455490112
actorPPO_v2,NEW_Garr199905,1.1779333333333333,5.013892650604248
actorPPO_v2,NEW_Garr199905,1.2964444444444445,5.0462119579315186
actorPPO_v2,NEW_Garr199905,1.1903555555555556,5.057200193405151
actorPPO_v2,NEW_Garr199905,1.311311111111111,5.087563991546631
actorPPO_v2,NEW_Garr199905,1.3445111111111112,5.071340322494507
actorPPO_v2,NEW_Garr199905,1.2214222222222222,5.0643470287323
actorPPO_v2,NEW_Garr199905,1.3381777777777777,5.05139946937561
actorPPO_v2,NEW_Garr199905,1.292,5.011740446090698
actorPPO_v2,NEW_Garr199905,1.243088888888889,4.991549730300903
actorPPO_v2,NEW_Garr199905,1.2511333333333334,5.077662467956543
actorPPO_v2,NEW_Garr199905,1.3588888888888888,5.0675811767578125
actorPPO_v2,NEW_Garr199905,1.3388444444444445,4.982036113739014
actorPPO_v2,NEW_Garr199905,1.4746,5.0566246509552
actorPPO_v2,NEW_Garr199905,1.2069333333333334,5.075748443603516
actorPPO_v2,NEW_Garr199905,1.432311111111111,5.079682111740112
actorPPO_v2,NEW_Garr199905,1.4146222222222222,5.064455270767212
actorPPO_v2,NEW_Garr199905,1.3351555555555557,5.044744968414307
actorPPO_v2,NEW_Garr199905,1.6204222222222222,5.05272364616394
actorPPO_v2,NEW_Garr199905,1.4421333333333333,5.064903974533081
actorPPO_v2,NEW_Garr199905,1.2589555555555556,5.072655200958252
actorPPO_v2,NEW_Garr199905,1.5324666666666666,5.08589768409729
actorPPO_v2,NEW_Garr199905,1.4253777777777779,5.098005056381226
actorPPO_v2,NEW_Garr199905,1.4176444444444445,5.118238210678101
actorPPO_v2,NEW_Garr199905,1.6846222222222222,5.1033241748809814
actorPPO_v2,NEW_Garr199905,1.2776,5.017247915267944
actorPPO_v2,NEW_Garr199905,1.370088888888889,5.048581838607788
actorPPO_v2,NEW_Garr199905,1.2647111111111111,5.079035043716431
actorPPO_v2,NEW_Garr199905,1.5025555555555556,5.1057703495025635
actorPPO_v2,NEW_Garr199905,1.3706888888888888,5.035193204879761
actorPPO_v2,NEW_Garr199905,1.3503333333333334,5.0900797843933105
actorPPO_v2,NEW_Garr199905,1.593,4.987350702285767
actorPPO_v2,NEW_Garr199905,1.3191111111111111,5.036328554153442
actorPPO_v2,NEW_Garr199905,1.586,5.047333717346191
actorPPO_v2,NEW_Garr199905,1.9540666666666666,5.056737184524536
actorPPO_v2,NEW_Garr199905,1.3832,5.104013442993164
actorPPO_v2,NEW_Garr199905,1.2149333333333334,5.024512767791748
actorPPO_v2,NEW_Garr199905,1.3493777777777778,5.039650917053223
actorPPO_v2,NEW_Garr199905,1.2628222222222223,5.054589509963989
actorPPO_v2,NEW_Garr199905,1.3336666666666666,5.121386766433716
actorPPO_v2,NEW_Garr199905,1.1923777777777778,5.040011405944824
actorPPO_v2,NEW_Garr199905,1.3184444444444445,5.058136224746704
actorPPO_v2,NEW_Goodnet,1.08295,2.2816665172576904
actorPPO_v2,NEW_Goodnet,1.12315,2.2797765731811523
actorPPO_v2,NEW_Goodnet,1.229,2.3150410652160645
actorPPO_v2,NEW_Goodnet,1.0147,2.3007662296295166
actorPPO_v2,NEW_Goodnet,1.07805,2.2672433853149414
actorPPO_v2,NEW_Goodnet,1.1791,2.28163743019104
actorPPO_v2,NEW_Goodnet,1.0673,2.264871835708618
actorPPO_v2,NEW_Goodnet,1.1128,2.23610782623291
actorPPO_v2,NEW_Goodnet,1.18625,2.2575697898864746
actorPPO_v2,NEW_Goodnet,1.0376,2.217362403869629
actorPPO_v2,NEW_Goodnet,1.09175,2.295365810394287
actorPPO_v2,NEW_Goodnet,1.03655,2.274853467941284
actorPPO_v2,NEW_Goodnet,1.0197,2.250995397567749
actorPPO_v2,NEW_Goodnet,1.13325,2.264906167984009
actorPPO_v2,NEW_Goodnet,1.00065,2.272554636001587
actorPPO_v2,NEW_Goodnet,1.00185,2.2803266048431396
actorPPO_v2,NEW_Goodnet,1.04695,2.2887089252471924
actorPPO_v2,NEW_Goodnet,1.1561,2.2645046710968018
actorPPO_v2,NEW_Goodnet,1.2108,2.2713570594787598
actorPPO_v2,NEW_Goodnet,1.1125,2.2259206771850586
actorPPO_v2,NEW_Goodnet,1.15335,2.2684764862060547
actorPPO_v2,NEW_Goodnet,1.1447,2.253571033477783
actorPPO_v2,NEW_Goodnet,1.1325,2.243093967437744
actorPPO_v2,NEW_Goodnet,1.06825,2.263414144515991
actorPPO_v2,NEW_Goodnet,1.04565,2.2456672191619873
actorPPO_v2,NEW_Goodnet,1.08645,2.230642080307007
actorPPO_v2,NEW_Goodnet,1.0226,2.278862476348877
actorPPO_v2,NEW_Goodnet,1.2231,2.2625365257263184
actorPPO_v2,NEW_Goodnet,1.2211,2.307415008544922
actorPPO_v2,NEW_Goodnet,1.16195,2.2351648807525635
actorPPO_v2,NEW_Goodnet,1.09255,2.2768492698669434
actorPPO_v2,NEW_Goodnet,1.2135,2.2675375938415527
actorPPO_v2,NEW_Goodnet,1.2458,2.300462007522583
actorPPO_v2,NEW_Goodnet,1.11335,2.2632901668548584
actorPPO_v2,NEW_Goodnet,1.09795,2.246947765350342
actorPPO_v2,NEW_Goodnet,1.06325,2.2545530796051025
actorPPO_v2,NEW_Goodnet,1.01135,2.2783396244049072
actorPPO_v2,NEW_Goodnet,1.02715,2.282017469406128
actorPPO_v2,NEW_Goodnet,1.05175,2.243825674057007
actorPPO_v2,NEW_Goodnet,1.17805,2.2123472690582275
actorPPO_v2,NEW_Goodnet,1.1252,2.282980442047119
actorPPO_v2,NEW_Goodnet,1.0624,2.2729432582855225
actorPPO_v2,NEW_Goodnet,1.17195,2.267655611038208
actorPPO_v2,NEW_Goodnet,1.05185,2.2755849361419678
actorPPO_v2,NEW_Goodnet,1.0669,2.2147974967956543
actorPPO_v2,NEW_Goodnet,1.14305,2.283691883087158
actorPPO_v2,NEW_Goodnet,1.15645,2.2475011348724365
actorPPO_v2,NEW_Goodnet,1.1012,2.2484967708587646
actorPPO_v2,NEW_Goodnet,1.09155,2.260521411895752
actorPPO_v2,NEW_Goodnet,1.00765,2.2867486476898193
actorPPOmiddR_Comprimido,NEW_BtAsiaPac,0.86398,2.5281670093536377
actorPPOmiddR_Comprimido,NEW_BtAsiaPac,0.76426,2.564565658569336
actorPPOmiddR_Comprimido,NEW_BtAsiaPac,0.75694,2.576237916946411
actorPPOmiddR_Comprimido,NEW_BtAsiaPac,0.68506,2.545614242553711
actorPPOmiddR_Comprimido,NEW_BtAsiaPac,0.7705,2.5269289016723633
actorPPOmiddR_Comprimido,NEW_BtAsiaPac,0.73482,2.566699981689453
actorPPOmiddR_Comprimido,NEW_BtAsiaPac,0.72456,2.479952573776245
actorPPOmiddR_Comprimido,NEW_BtAsiaPac,0.62396,2.562295913696289
actorPPOmiddR_Comprimido,NEW_BtAsiaPac,0.76582,2.5556747913360596
actorPPOmiddR_Comprimido,NEW_BtAsiaPac,0.76502,2.5648510456085205
actorPPOmiddR_Comprimido,NEW_BtAsiaPac,0.65366,2.5953807830810547
actorPPOmiddR_Comprimido,NEW_BtAsiaPac,0.7407,2.5642640590667725
actorPPOmiddR_Comprimido,NEW_BtAsiaPac,0.76574,2.5645718574523926
actorPPOmiddR_Comprimido,NEW_BtAsiaPac,0.82258,2.5867719650268555
actorPPOmiddR_Comprimido,NEW_BtAsiaPac,0.66944,2.522836923599243
actorPPOmiddR_Comprimido,NEW_BtAsiaPac,0.65472,2.5591750144958496
actorPPOmiddR_Comprimido,NEW_BtAsiaPac,0.6635,2.5727968215942383
actorPPOmiddR_Comprimido,NEW_BtAsiaPac,0.71238,2.5725762844085693
actorPPOmiddR_Comprimido,NEW_BtAsiaPac,0.7182,2.56619930267334
actorPPOmiddR_Comprimido,NEW_BtAsiaPac,0.62488,2.581575870513916
actorPPOmiddR_Comprimido,NEW_BtAsiaPac,0.76136,2.568840265274048
actorPPOmiddR_Comprimido,NEW_BtAsiaPac,0.7946,2.5985381603240967
actorPPOmiddR_Comprimido,NEW_BtAsiaPac,0.78188,2.5607850551605225
actorPPOmiddR_Comprimido,NEW_BtAsiaPac,0.66106,2.5151994228363037
actorPPOmiddR_Comprimido,NEW_BtAsiaPac,0.70912,2.584226369857788
actorPPOmiddR_Comprimido,NEW_BtAsiaPac,0.77688,2.5617876052856445
actorPPOmiddR_Comprimido,NEW_BtAsiaPac,0.9464,2.617422103881836
actorPPOmiddR_Comprimido,NEW_BtAsiaPac,0.76768,2.4697957038879395
actorPPOmiddR_Comprimido,NEW_BtAsiaPac,0.83358,2.5755553245544434
actorPPOmiddR_Comprimido,NEW_BtAsiaPac,0.67814,2.5256755352020264
actorPPOmiddR_Comprimido,NEW_BtAsiaPac,0.65662,2.54087233543396
actorPPOmiddR_Comprimido,NEW_BtAsiaPac,0.66014,2.5731821060180664
actorPPOmiddR_Comprimido,NEW_BtAsiaPac,0.80874,2.584829807281494
actorPPOmiddR_Comprimido,NEW_BtAsiaPac,0.69004,2.55705189704895
actorPPOmiddR_Comprimido,NEW_BtAsiaPac,0.83002,2.5550222396850586
actorPPOmiddR_Comprimido,NEW_BtAsiaPac,0.62626,2.5083463191986084
actorPPOmiddR_Comprimido,NEW_BtAsiaPac,0.6693,2.60394287109375
actorPPOmiddR_Comprimido,NEW_BtAsiaPac,0.74446,2.508559465408325
actorPPOmiddR_Comprimido,NEW_BtAsiaPac,0.76626,2.579404592514038
actorPPOmiddR_Comprimido,NEW_BtAsiaPac,0.71632,2.552671194076538
actorPPOmiddR_Comprimido,NEW_BtAsiaPac,0.6389,2.6050643920898438
actorPPOmiddR_Comprimido,NEW_BtAsiaPac,0.83306,2.5626957416534424
actorPPOmiddR_Comprimido,NEW_BtAsiaPac,0.74526,2.583927869796753
actorPPOmiddR_Comprimido,NEW_BtAsiaPac,0.66638,2.5994579792022705
actorPPOmiddR_Comprimido,NEW_BtAsiaPac,0.67324,2.569312334060669
actorPPOmiddR_Comprimido,NEW_BtAsiaPac,0.77138,2.587796926498413
actorPPOmiddR_Comprimido,NEW_BtAsiaPac,0.59184,2.576669454574585
actorPPOmiddR_Comprimido,NEW_BtAsiaPac,0.78112,2.526503562927246
actorPPOmiddR_Comprimido,NEW_BtAsiaPac,0.77194,2.5742177963256836
actorPPOmiddR_Comprimido,NEW_BtAsiaPac,0.62488,2.5875773429870605
actorPPOmiddR_Comprimido,NEW_Garr199905,1.3764,3.970482110977173
actorPPOmiddR_Comprimido,NEW_Garr199905,1.482,3.9722728729248047
actorPPOmiddR_Comprimido,NEW_Garr199905,1.4272888888888888,4.023746013641357
actorPPOmiddR_Comprimido,NEW_Garr199905,1.1926444444444444,4.020932197570801
actorPPOmiddR_Comprimido,NEW_Garr199905,1.3406444444444445,4.0207679271698
actorPPOmiddR_Comprimido,NEW_Garr199905,1.3699777777777777,3.9796364307403564
actorPPOmiddR_Comprimido,NEW_Garr199905,1.2312444444444444,3.9940884113311768
actorPPOmiddR_Comprimido,NEW_Garr199905,1.5530666666666666,4.047461748123169
actorPPOmiddR_Comprimido,NEW_Garr199905,1.2567777777777778,3.9795684814453125
actorPPOmiddR_Comprimido,NEW_Garr199905,1.2593333333333334,3.964620590209961
actorPPOmiddR_Comprimido,NEW_Garr199905,1.2322444444444445,3.9873111248016357
actorPPOmiddR_Comprimido,NEW_Garr199905,1.3450666666666666,3.9867007732391357
actorPPOmiddR_Comprimido,NEW_Garr199905,1.6091111111111112,4.010023832321167
actorPPOmiddR_Comprimido,NEW_Garr199905,1.2879777777777779,4.0050153732299805
actorPPOmiddR_Comprimido,NEW_Garr199905,1.2735333333333334,4.024422883987427
actorPPOmiddR_Comprimido,NEW_Garr199905,1.6575333333333333,4.008052110671997
actorPPOmiddR_Comprimido,NEW_Garr199905,1.2683555555555555,3.9705748558044434
actorPPOmiddR_Comprimido,NEW_Garr199905,1.2707555555555556,3.9618968963623047
actorPPOmiddR_Comprimido,NEW_Garr199905,1.5636222222222222,4.016414403915405
actorPPOmiddR_Comprimido,NEW_Garr199905,1.422911111111111,4.036988019943237
actorPPOmiddR_Comprimido,NEW_Garr199905,1.5467333333333333,3.9234094619750977
actorPPOmiddR_Comprimido,NEW_Garr199905,1.3809777777777779,3.9601805210113525
actorPPOmiddR_Comprimido,NEW_Garr199905,1.4336222222222221,3.973766803741455
actorPPOmiddR_Comprimido,NEW_Garr199905,1.3966222222222222,4.0228986740112305
actorPPOmiddR_Comprimido,NEW_Garr199905,1.2151777777777777,4.01588773727417
actorPPOmiddR_Comprimido,NEW_Garr199905,1.3374666666666666,3.9676175117492676
actorPPOmiddR_Comprimido,NEW_Garr199905,1.3036,3.9908926486968994
actorPPOmiddR_Comprimido,NEW_Garr199905,1.3406222222222222,4.078887939453125
actorPPOmiddR_Comprimido,NEW_Garr199905,1.4166444444444444,4.020876884460449
actorPPOmiddR_Comprimido,NEW_Garr199905,1.4248888888888889,4.049952983856201
actorPPOmiddR_Comprimido,NEW_Garr199905,1.4436888888888888,4.031149864196777
actorPPOmiddR_Comprimido,NEW_Garr199905,1.1446888888888889,4.0442705154418945
actorPPOmiddR_Comprimido,NEW_Garr199905,1.3792888888888888,4.043727159500122
actorPPOmiddR_Comprimido,NEW_Garr199905,1.3417777777777777,3.9422082901000977
actorPPOmiddR_Comprimido,NEW_Garr199905,1.1724222222222223,3.9865548610687256
actorPPOmiddR_Comprimido,NEW_Garr199905,1.5475777777777777,4.030666828155518
actorPPOmiddR_Comprimido,NEW_Garr199905,1.3664222222222222,4.048942565917969
actorPPOmiddR_Comprimido,NEW_Garr199905,1.4834666666666667,3.9706857204437256
actorPPOmiddR_Comprimido,NEW_Garr199905,1.6266,4.049298524856567
actorPPOmiddR_Comprimido,NEW_Garr199905,1.1434222222222221,3.944575548171997
actorPPOmiddR_Comprimido,NEW_Garr199905,1.1682,3.9644110202789307
actorPPOmiddR_Comprimido,NEW_Garr199905,1.2516444444444443,3.969264507293701
actorPPOmiddR_Comprimido,NEW_Garr199905,1.4007333333333334,3.9952831268310547
actorPPOmiddR_Comprimido,NEW_Garr199905,1.509311111111111,4.035427808761597
actorPPOmiddR_Comprimido,NEW_Garr199905,1.4352,3.977710723876953
actorPPOmiddR_Comprimido,NEW_Garr199905,1.1710666666666667,3.9983787536621094
actorPPOmiddR_Comprimido,NEW_Garr199905,1.4496888888888888,4.009366273880005
actorPPOmiddR_Comprimido,NEW_Garr199905,1.4605777777777778,4.0137245655059814
actorPPOmiddR_Comprimido,NEW_Garr199905,1.408511111111111,4.000770807266235
actorPPOmiddR_Comprimido,NEW_Garr199905,1.2321333333333333,3.98860764503479
actorPPOmiddR_Comprimido,NEW_Goodnet,1.09175,1.7013182640075684
actorPPOmiddR_Comprimido,NEW_Goodnet,1.10415,1.7174749374389648
actorPPOmiddR_Comprimido,NEW_Goodnet,1.07305,1.7483901977539062
actorPPOmiddR_Comprimido,NEW_Goodnet,1.0459,1.7211229801177979
actorPPOmiddR_Comprimido,NEW_Goodnet,1.0302,1.694809913635254
actorPPOmiddR_Comprimido,NEW_Goodnet,1.1206,1.7282397747039795
actorPPOmiddR_Comprimido,NEW_Goodnet,1.0927,1.7120983600616455
actorPPOmiddR_Comprimido,NEW_Goodnet,1.12245,1.692432165145874
actorPPOmiddR_Comprimido,NEW_Goodnet,1.1188,1.7123816013336182
actorPPOmiddR_Comprimido,NEW_Goodnet,1.11095,1.6753735542297363
actorPPOmiddR_Comprimido,NEW_Goodnet,1.01815,1.7366726398468018
actorPPOmiddR_Comprimido,NEW_Goodnet,1.1795,1.7063133716583252
actorPPOmiddR_Comprimido,NEW_Goodnet,1.0197,1.7076539993286133
actorPPOmiddR_Comprimido,NEW_Goodnet,1.02045,1.718801498413086
actorPPOmiddR_Comprimido,NEW_Goodnet,1.00345,1.7129263877868652
actorPPOmiddR_Comprimido,NEW_Goodnet,1.06675,1.7200334072113037
actorPPOmiddR_Comprimido,NEW_Goodnet,0.99515,1.737928867340088
actorPPOmiddR_Comprimido,NEW_Goodnet,1.0398,1.7117691040039062
actorPPOmiddR_Comprimido,NEW_Goodnet,1.12015,1.7221837043762207
actorPPOmiddR_Comprimido,NEW_Goodnet,1.0988,1.6847631931304932
actorPPOmiddR_Comprimido,NEW_Goodnet,1.083,1.7092835903167725
actorPPOmiddR_Comprimido,NEW_Goodnet,1.20895,1.7068746089935303
actorPPOmiddR_Comprimido,NEW_Goodnet,1.03445,1.683666706085205
actorPPOmiddR_Comprimido,NEW_Goodnet,1.0297,1.7098515033721924
actorPPOmiddR_Comprimido,NEW_Goodnet,1.1482,1.692770004272461
actorPPOmiddR_Comprimido,NEW_Goodnet,1.11045,1.6903941631317139
actorPPOmiddR_Comprimido,NEW_Goodnet,1.0974,1.7113921642303467
actorPPOmiddR_Comprimido,NEW_Goodnet,1.13305,1.700798511505127
actorPPOmiddR_Comprimido,NEW_Goodnet,0.9795,1.752767562866211
actorPPOmiddR_Comprimido,NEW_Goodnet,1.1776,1.6753742694854736
actorPPOmiddR_Comprimido,NEW_Goodnet,1.1874,1.7213835716247559
actorPPOmiddR_Comprimido,NEW_Goodnet,1.0155,1.711179494857788
actorPPOmiddR_Comprimido,NEW_Goodnet,1.24015,1.7404515743255615
actorPPOmiddR_Comprimido,NEW_Goodnet,1.06525,1.707381010055542
actorPPOmiddR_Comprimido,NEW_Goodnet,1.5959,1.6905901432037354
actorPPOmiddR_Comprimido,NEW_Goodnet,1.1628,1.7007124423980713
actorPPOmiddR_Comprimido,NEW_Goodnet,1.01135,1.7358932495117188
actorPPOmiddR_Comprimido,NEW_Goodnet,1.03435,1.729452133178711
actorPPOmiddR_Comprimido,NEW_Goodnet,1.1004,1.6905136108398438
actorPPOmiddR_Comprimido,NEW_Goodnet,1.1445,1.6648221015930176
actorPPOmiddR_Comprimido,NEW_Goodnet,1.0815,1.7399194240570068
actorPPOmiddR_Comprimido,NEW_Goodnet,1.27175,1.7341158390045166
actorPPOmiddR_Comprimido,NEW_Goodnet,1.12035,1.7114040851593018
actorPPOmiddR_Comprimido,NEW_Goodnet,1.1595,1.7253849506378174
actorPPOmiddR_Comprimido,NEW_Goodnet,1.2895,1.655369520187378
actorPPOmiddR_Comprimido,NEW_Goodnet,1.0763,1.7226314544677734
actorPPOmiddR_Comprimido,NEW_Goodnet,1.06645,1.6811294555664062
actorPPOmiddR_Comprimido,NEW_Goodnet,1.3548,1.6856698989868164
actorPPOmiddR_Comprimido,NEW_Goodnet,1.06025,1.6969797611236572
actorPPOmiddR_Comprimido,NEW_Goodnet,1.00765,1.7187955379486084
